bill_number,bill_url,title,committees,latest_action,status,sponsor_name,party,state,district,cosponsors,introduced_date
H.R.9154,https://www.congress.gov/bill/119th-congress/house-bill/9154?s=1&r=1,"To direct the Secretary of Commerce to develop a methodology for identifying country of origin of shrimp, and for other purposes.","Committees: House - Natural Resources; Science, Space, and Technology","Latest Action: House - 06/04/2026 Referred to the Committee on Natural Resources, and in addition to the Committee on Science, Space, and Technology , for a period to be subsequently determined by the Speaker, in each case for consideration of such provisions as fall within the jurisdiction of the... ( All Actions )",Introduced,"Mace, Nancy",R,SC,1,3,06/04/2026
H.R.9103,https://www.congress.gov/bill/119th-congress/house-bill/9103?s=1&r=2,Merit Restoration Act,"Committees: House - Science, Space, and Technology","Latest Action: House - 06/02/2026 Referred to the House Committee on Science, Space, and Technology . ( All Actions )",Introduced,"Norman, Ralph",R,SC,5,4,06/02/2026
H.R.9021,https://www.congress.gov/bill/119th-congress/house-bill/9021?s=1&r=3,Stay Cool Act,"Committees: House - Financial Services; Science, Space, and Technology; Energy and Commerce; Ways and Means; Education and Workforce","Latest Action: House - 05/22/2026 Referred to the Committee on Financial Services, and in addition to the Committees on Science, Space, and Technology , Energy and Commerce, Ways and Means, and Education and Workforce, for a period to be subsequently determined by the Speaker, in each case for... ( All Actions )",Introduced,"Watson Coleman, Bonnie",D,NJ,12,11,05/22/2026
H.R.8981,https://www.congress.gov/bill/119th-congress/house-bill/8981?s=1&r=4,SCALE Biology Act,"Committees: House - Science, Space, and Technology","Latest Action: House - 05/21/2026 Referred to the House Committee on Science, Space, and Technology . ( All Actions )",Introduced,"McClain Delaney, April",D,MD,6,3,05/21/2026
H.R.8938,https://www.congress.gov/bill/119th-congress/house-bill/8938?s=1&r=5,Biotechnology Workforce Alignment Act of 2026,"Committees: House - Science, Space, and Technology","Latest Action: House - 05/20/2026 Referred to the House Committee on Science, Space, and Technology . ( All Actions )",Introduced,"McCormick, Richard",R,GA,7,2,05/20/2026
H.R.8901,https://www.congress.gov/bill/119th-congress/house-bill/8901?s=1&r=6,Securing Innovation and Research from Adversaries Act,"Committees: House - Science, Space, and Technology","Latest Action: House - 05/19/2026 Referred to the House Committee on Science, Space, and Technology . ( All Actions )",Introduced,"Moolenaar, John R.",R,MI,2,0,05/19/2026
H.R.8893,https://www.congress.gov/bill/119th-congress/house-bill/8893?s=1&r=7,Protecting Consumers from Deceptive AI Act,"Committees: House - Science, Space, and Technology","Latest Action: House - 05/19/2026 Referred to the House Committee on Science, Space, and Technology . ( All Actions )",Introduced,"Foushee, Valerie P.",D,NC,4,3,05/19/2026
H.R.8866,https://www.congress.gov/bill/119th-congress/house-bill/8866?s=1&r=8,Build to Scale Reauthorization Act of 2026,"Committees: House - Science, Space, and Technology","Latest Action: House - 05/15/2026 Referred to the House Committee on Science, Space, and Technology . ( All Actions )",Introduced,"Stevens, Haley M.",D,MI,11,4,05/15/2026
H.R.8851,https://www.congress.gov/bill/119th-congress/house-bill/8851?s=1&r=9,One Giant LEAP Act,"Committees: House - Science, Space, and Technology","Latest Action: House - 05/15/2026 Referred to the House Committee on Science, Space, and Technology . ( All Actions )",Introduced,"Haridopolos, Mike",R,FL,8,1,05/15/2026
H.R.8846,https://www.congress.gov/bill/119th-congress/house-bill/8846?s=1&r=10,Tornado Preparedness Act,"Committees: House - Science, Space, and Technology; Transportation and Infrastructure","Latest Action: House - 05/15/2026 Referred to the Committee on Science, Space, and Technology , and in addition to the Committee on Transportation and Infrastructure, for a period to be subsequently determined by the Speaker, in each case for consideration of such provisions as fall within the... ( All Actions )",Introduced,"Bell, Wesley",D,MO,1,0,05/15/2026
H.R.8819,https://www.congress.gov/bill/119th-congress/house-bill/8819?s=1&r=11,To require Federal agencies to use the Artificial Intelligence Risk Management Framework developed by the National Institute of Standards and Technology with respect to the use of artificial intelligence.,"Committees: House - Science, Space, and Technology","Latest Action: House - 05/14/2026 Referred to the House Committee on Science, Space, and Technology . ( All Actions )",Introduced,"Lieu, Ted",D,CA,36,3,05/14/2026
H.R.8798,https://www.congress.gov/bill/119th-congress/house-bill/8798?s=1&r=12,Universal School Meals Program Act of 2026,"Committees: House - Education and Workforce; Agriculture; Science, Space, and Technology","Latest Action: House - 05/13/2026 Referred to the Committee on Education and Workforce, and in addition to the Committees on Agriculture, and Science, Space, and Technology , for a period to be subsequently determined by the Speaker, in each case for consideration of such provisions as fall within... ( All Actions )",Introduced,"Omar, Ilhan",D,MN,5,96,05/13/2026
H.R.8790,https://www.congress.gov/bill/119th-congress/house-bill/8790?s=1&r=13,Next-Generation Geothermal Research and Development Act,"Committees: House - Science, Space, and Technology; Natural Resources",Latest Action: House - 05/20/2026 Ordered to be Reported (Amended) by Voice Vote. ( All Actions ),Introduced,"Harrigan, Pat",R,NC,10,1,05/13/2026
H.R.8748,https://www.congress.gov/bill/119th-congress/house-bill/8748?s=1&r=14,Surface Transportation Research and Development Act of 2026,"Committees: House - Science, Space, and Technology; Transportation and Infrastructure",Latest Action: House - 05/20/2026 Ordered to be Reported (Amended) by Voice Vote. ( All Actions ),Introduced,"Fong, Vince",R,CA,20,1,05/12/2026
H.R.8706,https://www.congress.gov/bill/119th-congress/house-bill/8706?s=1&r=15,Better Energy Storage and Safety Act,"Committees: House - Science, Space, and Technology","Latest Action: House - 05/07/2026 Referred to the House Committee on Science, Space, and Technology . ( All Actions )",Introduced,"Panetta, Jimmy",D,CA,19,1,05/07/2026
H.R.8609,https://www.congress.gov/bill/119th-congress/house-bill/8609?s=1&r=16,Vehicle Innovation Act of 2026,"Committees: House - Science, Space, and Technology; Energy and Commerce","Latest Action: House - 04/30/2026 Referred to the Committee on Science, Space, and Technology , and in addition to the Committee on Energy and Commerce, for a period to be subsequently determined by the Speaker, in each case for consideration of such provisions as fall within the jurisdiction of the... ( All Actions )",Introduced,"Dingell, Debbie",D,MI,6,1,04/30/2026
H.R.8560,https://www.congress.gov/bill/119th-congress/house-bill/8560?s=1&r=17,Shifting Forward Vehicle Technologies Research and Development Act,"Committees: House - Science, Space, and Technology","Latest Action: House - 04/28/2026 Referred to the House Committee on Science, Space, and Technology . ( All Actions )",Introduced,"Stevens, Haley M.",D,MI,11,1,04/28/2026
H.R.8559,https://www.congress.gov/bill/119th-congress/house-bill/8559?s=1&r=18,"To amend the National Defense Authorization Act for Fiscal Year 2021 to prohibit certain institutions of higher education from receiving research and development awards, and for other purposes.","Committees: House - Science, Space, and Technology","Latest Action: House - 04/28/2026 Referred to the House Committee on Science, Space, and Technology . ( All Actions )",Introduced,"Stefanik, Elise M.",R,NY,21,2,04/28/2026
H.R.8558,https://www.congress.gov/bill/119th-congress/house-bill/8558?s=1&r=19,"To amend the Research and Development, Competition, and Innovation Act to require each institution of higher education to certify as part of an application for a research and development award that such institution does not operate certain branch campuses, and for other purposes.","Committees: House - Science, Space, and Technology","Latest Action: House - 04/28/2026 Referred to the House Committee on Science, Space, and Technology . ( All Actions )",Introduced,"Stefanik, Elise M.",R,NY,21,1,04/28/2026
H.R.8530,https://www.congress.gov/bill/119th-congress/house-bill/8530?s=1&r=20,Quantum for Health Act,"Committees: House - Science, Space, and Technology","Latest Action: House - 04/27/2026 Referred to the House Committee on Science, Space, and Technology . ( All Actions )",Introduced,"Sykes, Emilia Strong",D,OH,13,0,04/27/2026
H.R.8516,https://www.congress.gov/bill/119th-congress/house-bill/8516?s=1&r=21,American Leadership in AI Act,"Committees: House - Science, Space, and Technology; Energy and Commerce; Agriculture; Oversight and Government Reform; Education and Workforce; Judiciary; Ways and Means","Latest Action: House - 04/27/2026 Referred to the Committee on Science, Space, and Technology , and in addition to the Committees on Energy and Commerce, Agriculture, Oversight and Government Reform, Education and Workforce, the Judiciary, and Ways and Means, for a period to be subsequently... ( All Actions )",Introduced,"Lieu, Ted",D,CA,36,4,04/27/2026
H.R.8479,https://www.congress.gov/bill/119th-congress/house-bill/8479?s=1&r=22,Protecting Consumers from Deceptive AI Act,"Committees: House - Energy and Commerce; Science, Space, and Technology","Latest Action: House - 04/23/2026 Referred to the Committee on Energy and Commerce, and in addition to the Committee on Science, Space, and Technology , for a period to be subsequently determined by the Speaker, in each case for consideration of such provisions as fall within the jurisdiction of the... ( All Actions )",Introduced,"Foushee, Valerie P.",D,NC,4,3,04/23/2026
H.R.8462,https://www.congress.gov/bill/119th-congress/house-bill/8462?s=1&r=23,National Quantum Initiative Reauthorization Act,"Committees: House - Science, Space, and Technology",Latest Action: House - 04/29/2026 Ordered to be Reported (Amended) by Voice Vote. ( All Actions ),Introduced,"Weber, Randy K. Sr.",R,TX,14,3,04/23/2026
H.R.8458,https://www.congress.gov/bill/119th-congress/house-bill/8458?s=1&r=24,STAR Act,"Committees: House - Science, Space, and Technology","Latest Action: House - 04/22/2026 Referred to the House Committee on Science, Space, and Technology . ( All Actions )",Introduced,"Soto, Darren",D,FL,9,1,04/22/2026
H.R.8440,https://www.congress.gov/bill/119th-congress/house-bill/8440?s=1&r=25,ZELDIN Act,"Committees: House - Energy and Commerce; Transportation and Infrastructure; Agriculture; Science, Space, and Technology; Rules","Latest Action: House - 04/22/2026 Referred to the Committee on Energy and Commerce, and in addition to the Committees on Transportation and Infrastructure, Agriculture, Science, Space, and Technology , and Rules, for a period to be subsequently determined by the Speaker, in each case for... ( All Actions )",Introduced,"Carter, Troy A.",D,LA,2,1,04/22/2026
H.R.8437,https://www.congress.gov/bill/119th-congress/house-bill/8437?s=1&r=26,Geo POWER Act,"Committees: House - Science, Space, and Technology","Latest Action: House - 04/22/2026 Referred to the House Committee on Science, Space, and Technology . ( All Actions )",Introduced,"Begich, Nicholas J.",,,,4,04/22/2026
H.R.8407,https://www.congress.gov/bill/119th-congress/house-bill/8407?s=1&r=27,ACCURATE Act,"Committees: House - Science, Space, and Technology","Latest Action: House - 04/21/2026 Referred to the House Committee on Science, Space, and Technology . ( All Actions )",Introduced,"Franklin, Scott",R,FL,18,3,04/21/2026
H.R.8357,https://www.congress.gov/bill/119th-congress/house-bill/8357?s=1&r=28,6PPD Task Force Act,"Committees: House - Science, Space, and Technology; Transportation and Infrastructure; Energy and Commerce; Natural Resources","Latest Action: House - 04/16/2026 Referred to the Committee on Science, Space, and Technology , and in addition to the Committees on Transportation and Infrastructure, Energy and Commerce, and Natural Resources, for a period to be subsequently determined by the Speaker, in each case for... ( All Actions )",Introduced,"Strickland, Marilyn",D,WA,10,5,04/16/2026
H.R.8345,https://www.congress.gov/bill/119th-congress/house-bill/8345?s=1&r=29,Economy of the Future Commission Act of 2026,"Committees: House - Science, Space, and Technology; Energy and Commerce; Transportation and Infrastructure; Oversight and Government Reform; Education and Workforce","Latest Action: House - 04/16/2026 Referred to the Committee on Science, Space, and Technology , and in addition to the Committees on Energy and Commerce, Transportation and Infrastructure, Oversight and Government Reform, and Education and Workforce, for a period to be subsequently determined by the... ( All Actions )",Introduced,"Obernolte, Jay",R,CA,23,2,04/16/2026
H.R.8307,https://www.congress.gov/bill/119th-congress/house-bill/8307?s=1&r=30,Responder and Recovery Safety in EV Fires Act,"Committees: House - Science, Space, and Technology","Latest Action: House - 04/15/2026 Referred to the House Committee on Science, Space, and Technology . ( All Actions )",Introduced,"Obernolte, Jay",R,CA,23,1,04/15/2026
H.R.8268,https://www.congress.gov/bill/119th-congress/house-bill/8268?s=1&r=31,Biotechnology for All High School Students Act,"Committees: House - Science, Space, and Technology","Latest Action: House - 04/14/2026 Referred to the House Committee on Science, Space, and Technology . ( All Actions )",Introduced,"McBride, Sarah",,,,3,04/14/2026
H.R.8262,https://www.congress.gov/bill/119th-congress/house-bill/8262?s=1&r=32,Build More Power Act,"Committees: House - Energy and Commerce; Science, Space, and Technology","Latest Action: House - 04/14/2026 Referred to the Committee on Energy and Commerce, and in addition to the Committee on Science, Space, and Technology , for a period to be subsequently determined by the Speaker, in each case for consideration of such provisions as fall within the jurisdiction of the... ( All Actions )",Introduced,"Gottheimer, Josh",D,NJ,5,1,04/14/2026
H.R.8237,https://www.congress.gov/bill/119th-congress/house-bill/8237?s=1&r=33,Quantum Instrumentation for Science and Engineering Act,"Committees: House - Science, Space, and Technology","Latest Action: House - 04/09/2026 Referred to the House Committee on Science, Space, and Technology . ( All Actions )",Introduced,"Salinas, Andrea",D,OR,6,1,04/09/2026
H.R.8198,https://www.congress.gov/bill/119th-congress/house-bill/8198?s=1&r=34,OUTPACE in Space Act,"Committees: House - Science, Space, and Technology","Latest Action: House - 04/06/2026 Referred to the House Committee on Science, Space, and Technology . ( All Actions )",Introduced,"Fong, Vince",R,CA,20,0,04/06/2026
H.R.8187,https://www.congress.gov/bill/119th-congress/house-bill/8187?s=1&r=35,"To amend title 51, United States Code, to direct the Administrator of the National Aeronautics and Space Administration to seek to establish the initial elements of a lunar outpost, and for other purposes.","Committees: House - Science, Space, and Technology","Latest Action: House - 04/02/2026 Referred to the House Committee on Science, Space, and Technology . ( All Actions )",Introduced,"Self, Keith",R,TX,3,1,04/02/2026
H.R.8186,https://www.congress.gov/bill/119th-congress/house-bill/8186?s=1&r=36,Roadway Resiliency Act,"Committees: House - Transportation and Infrastructure; Science, Space, and Technology","Latest Action: House - 04/02/2026 Referred to the Committee on Transportation and Infrastructure, and in addition to the Committee on Science, Space, and Technology , for a period to be subsequently determined by the Speaker, in each case for consideration of such provisions as fall within the... ( All Actions )",Introduced,"Scholten, Hillary J.",D,MI,3,0,04/02/2026
H.R.8078,https://www.congress.gov/bill/119th-congress/house-bill/8078?s=1&r=37,Voter Empowerment Act of 2026,"Committees: House - House Administration; Judiciary; Oversight and Government Reform; Science, Space, and Technology; Education and Workforce; Energy and Commerce","Latest Action: House - 03/25/2026 Referred to the Committee on House Administration, and in addition to the Committees on the Judiciary, Oversight and Government Reform, Science, Space, and Technology , Education and Workforce, and Energy and Commerce, for a period to be subsequently determined by... ( All Actions )",Introduced,"Clyburn, James E.",D,SC,6,2,03/25/2026
H.R.8016,https://www.congress.gov/bill/119th-congress/house-bill/8016?s=1&r=38,Forever Chemical Regulation and Accountability Act of 2026,"Committees: House - Energy and Commerce; Oversight and Government Reform; Science, Space, and Technology; Transportation and Infrastructure; Armed Services",Latest Action: House - 03/20/2026 Referred to the Subcommittee on Water Resources and Environment. ( All Actions ),Introduced,"McCollum, Betty",D,MN,4,3,03/19/2026
H.R.8014,https://www.congress.gov/bill/119th-congress/house-bill/8014?s=1&r=39,Online Privacy Act of 2026,"Committees: House - Energy and Commerce; Judiciary; Science, Space, and Technology","Latest Action: House - 03/19/2026 Referred to the Committee on Energy and Commerce, and in addition to the Committees on the Judiciary, and Science, Space, and Technology , for a period to be subsequently determined by the Speaker, in each case for consideration of such provisions as fall within the... ( All Actions )",Introduced,"Lofgren, Zoe",D,CA,18,0,03/19/2026
H.R.7977,https://www.congress.gov/bill/119th-congress/house-bill/7977?s=1&r=40,Energy Bills Relief Act,"Committees: House - Energy and Commerce; Agriculture; Ways and Means; Natural Resources; Financial Services; Transportation and Infrastructure; Education and Workforce; Oversight and Government Reform; Science, Space, and Technology","Latest Action: House - 03/18/2026 Referred to the Committee on Energy and Commerce, and in addition to the Committees on Agriculture, Ways and Means, Natural Resources, Financial Services, Transportation and Infrastructure, Education and Workforce, Oversight and Government Reform, and Science... ( All Actions )",Introduced,"Casten, Sean",D,IL,6,154,03/18/2026
H.R.7968,https://www.congress.gov/bill/119th-congress/house-bill/7968?s=1&r=41,Small AI Innovators Empowerment Act,"Committees: House - Science, Space, and Technology","Latest Action: House - 03/17/2026 Referred to the House Committee on Science, Space, and Technology . ( All Actions )",Introduced,"Subramanyam, Suhas",D,VA,10,5,03/17/2026
H.R.7949,https://www.congress.gov/bill/119th-congress/house-bill/7949?s=1&r=42,NSF Plant Biology Act,"Committees: House - Science, Space, and Technology","Latest Action: House - 03/16/2026 Referred to the House Committee on Science, Space, and Technology . ( All Actions )",Introduced,"Riley, Josh",D,NY,19,2,03/16/2026
H.R.7936,https://www.congress.gov/bill/119th-congress/house-bill/7936?s=1&r=43,Bioindustrial Scale-Up for Supply Chains and Energy Resiliency Act of 2026,"Committees: House - Science, Space, and Technology","Latest Action: House - 03/16/2026 Referred to the House Committee on Science, Space, and Technology . ( All Actions )",Introduced,"Baird, James R.",R,IN,4,6,03/16/2026
H.R.7929,https://www.congress.gov/bill/119th-congress/house-bill/7929?s=1&r=44,FLARE Act,"Committees: House - Science, Space, and Technology","Latest Action: House - 03/12/2026 Referred to the House Committee on Science, Space, and Technology . ( All Actions )",Introduced,"Titus, Dina",D,NV,1,0,03/12/2026
H.R.7907,https://www.congress.gov/bill/119th-congress/house-bill/7907?s=1&r=45,AI-Ready Bio-Data Standards Act,"Committees: House - Science, Space, and Technology","Latest Action: House - 03/12/2026 Referred to the House Committee on Science, Space, and Technology . ( All Actions )",Introduced,"Khanna, Ro",D,CA,17,2,03/12/2026
H.R.7896,https://www.congress.gov/bill/119th-congress/house-bill/7896?s=1&r=46,NOAA Global Ocean Monitoring and Observing Research Act,"Committees: House - Science, Space, and Technology","Latest Action: House - 03/12/2026 Referred to the House Committee on Science, Space, and Technology . ( All Actions )",Introduced,"Amo, Gabe",D,RI,1,1,03/12/2026
H.R.7826,https://www.congress.gov/bill/119th-congress/house-bill/7826?s=1&r=47,HBCU AI Research Leadership Act,"Committees: House - Science, Space, and Technology","Latest Action: House - 03/05/2026 Referred to the House Committee on Science, Space, and Technology . ( All Actions )",Introduced,"Foushee, Valerie P.",D,NC,4,2,03/05/2026
H.R.7813,https://www.congress.gov/bill/119th-congress/house-bill/7813?s=1&r=48,NOAA Weather Radio Modernization Act,"Committees: House - Science, Space, and Technology",Latest Action: House - 03/18/2026 Ordered to be Reported (Amended) by Voice Vote. ( All Actions ),Introduced,"Babin, Brian",R,TX,36,4,03/05/2026
H.R.7801,https://www.congress.gov/bill/119th-congress/house-bill/7801?s=1&r=49,Cloud LAB Act of 2026,"Committees: House - Science, Space, and Technology","Latest Action: House - 03/04/2026 Referred to the House Committee on Science, Space, and Technology . ( All Actions )",Introduced,"Obernolte, Jay",R,CA,23,4,03/04/2026
H.R.7786,https://www.congress.gov/bill/119th-congress/house-bill/7786?s=1&r=50,AI Fraud Accountability Act,"Committees: House - Energy and Commerce; Judiciary; Science, Space, and Technology; Foreign Affairs","Latest Action: House - 03/04/2026 Referred to the Committee on Energy and Commerce, and in addition to the Committees on the Judiciary, Science, Space, and Technology , and Foreign Affairs, for a period to be subsequently determined by the Speaker, in each case for consideration of such provisions... ( All Actions )",Introduced,"Buchanan, Vern",R,FL,16,2,03/04/2026
H.R.7749,https://www.congress.gov/bill/119th-congress/house-bill/7749?s=1&r=51,Quantum in Practice Act,"Committees: House - Science, Space, and Technology","Latest Action: House - 03/02/2026 Referred to the House Committee on Science, Space, and Technology . ( All Actions )",Introduced,"Feenstra, Randy",R,IA,4,12,03/02/2026
H.R.7748,https://www.congress.gov/bill/119th-congress/house-bill/7748?s=1&r=52,Railway Safety Act of 2026,"Committees: House - Transportation and Infrastructure; Science, Space, and Technology","Latest Action: House - 03/03/2026 Referred to the Subcommittee on Railroads, Pipelines, and Hazardous Materials. ( All Actions )",Introduced,"Deluzio, Christopher R.",D,PA,17,9,03/02/2026
H.R.7662,https://www.congress.gov/bill/119th-congress/house-bill/7662?s=1&r=53,Railroad Safety Enhancement Act of 2026,"Committees: House - Transportation and Infrastructure; Science, Space, and Technology","Latest Action: House - 02/25/2026 Referred to the Subcommittee on Railroads, Pipelines, and Hazardous Materials. ( All Actions )",Introduced,"Nehls, Troy E.",R,TX,22,2,02/24/2026
H.R.7656,https://www.congress.gov/bill/119th-congress/house-bill/7656?s=1&r=54,ReSCUE Oceans Act,"Committees: House - Science, Space, and Technology; Natural Resources","Latest Action: House - 02/24/2026 Referred to the Committee on Science, Space, and Technology , and in addition to the Committee on Natural Resources, for a period to be subsequently determined by the Speaker, in each case for consideration of such provisions as fall within the jurisdiction of the... ( All Actions )",Introduced,"Bonamici, Suzanne",D,OR,1,2,02/24/2026
H.R.7568,https://www.congress.gov/bill/119th-congress/house-bill/7568?s=1&r=55,Hot Rock Act,"Committees: House - Science, Space, and Technology; Natural Resources; Education and Workforce","Latest Action: House - 02/13/2026 Referred to the Committee on Science, Space, and Technology , and in addition to the Committees on Natural Resources, and Education and Workforce, for a period to be subsequently determined by the Speaker, in each case for consideration of such provisions as fall... ( All Actions )",Introduced,"Auchincloss, Jake",D,MA,4,1,02/13/2026
H.R.7452,https://www.congress.gov/bill/119th-congress/house-bill/7452?s=1&r=56,Air Quality Act,"Committees: House - Energy and Commerce; Transportation and Infrastructure; Science, Space, and Technology","Latest Action: House - 02/09/2026 Referred to the Committee on Energy and Commerce, and in addition to the Committees on Transportation and Infrastructure, and Science, Space, and Technology , for a period to be subsequently determined by the Speaker, in each case for consideration of such... ( All Actions )",Introduced,"Steube, W. Gregory",R,FL,17,3,02/09/2026
H.R.7434,https://www.congress.gov/bill/119th-congress/house-bill/7434?s=1&r=57,AI Grand Challenges Act of 2026,"Committees: House - Science, Space, and Technology","Latest Action: House - 02/09/2026 Referred to the House Committee on Science, Space, and Technology . ( All Actions )",Introduced,"Lieu, Ted",D,CA,36,1,02/09/2026
H.R.7416,https://www.congress.gov/bill/119th-congress/house-bill/7416?s=1&r=58,Methane Monitoring Science Act of 2026,"Committees: House - Science, Space, and Technology","Latest Action: House - 02/09/2026 Referred to the House Committee on Science, Space, and Technology . ( All Actions )",Introduced,"Beyer, Donald S.",D,VA,8,1,02/09/2026
H.R.7379,https://www.congress.gov/bill/119th-congress/house-bill/7379?s=1&r=59,NASA C-UAS Act,"Committees: House - Science, Space, and Technology; Transportation and Infrastructure; Judiciary; Energy and Commerce",Latest Action: House - 02/05/2026 Referred to the Subcommittee on Aviation. ( All Actions ),Introduced,"Stevens, Haley M.",D,MI,11,0,02/04/2026
H.R.7334,https://www.congress.gov/bill/119th-congress/house-bill/7334?s=1&r=60,National Commission on Robotics Act,"Committees: House - Science, Space, and Technology; Energy and Commerce; Foreign Affairs; Education and Workforce","Latest Action: House - 02/03/2026 Referred to the Committee on Science, Space, and Technology , and in addition to the Committees on Energy and Commerce, Foreign Affairs, and Education and Workforce, for a period to be subsequently determined by the Speaker, in each case for consideration of such... ( All Actions )",Introduced,"Obernolte, Jay",R,CA,23,2,02/03/2026
H.R.7329,https://www.congress.gov/bill/119th-congress/house-bill/7329?s=1&r=61,FREEDOM Act,"Committees: House - Natural Resources; Agriculture; Energy and Commerce; Transportation and Infrastructure; Science, Space, and Technology; Judiciary",Latest Action: House - 02/04/2026 Referred to the Subcommittee on Water Resources and Environment. ( All Actions ),Introduced,"Harder, Josh",D,CA,9,5,02/03/2026
H.R.7315,https://www.congress.gov/bill/119th-congress/house-bill/7315?s=1&r=62,Advancing Policy Priorities Act,"Committees: House - Ways and Means; Veterans' Affairs; Armed Services; Energy and Commerce; Transportation and Infrastructure; Financial Services; Education and Workforce; Oversight and Government Reform; Foreign Affairs; Agriculture; Natural Resources; Small Business; Science, Space, and Technology; Judiciary; Homeland Security; Intelligence (Permanent Select); House Administration; Rules; Ethics; Budget; Appropriations","Latest Action: House - 05/20/2026 Referred to the Subcommittee on Livestock, Dairy, and Poultry. ( All Actions )",Introduced,"Magaziner, Seth",D,RI,2,0,02/02/2026
H.R.7314,https://www.congress.gov/bill/119th-congress/house-bill/7314?s=1&r=63,Advancing Commonsense Policies Act,"Committees: House - Ways and Means; Veterans' Affairs; Armed Services; Energy and Commerce; Transportation and Infrastructure; Financial Services; Education and Workforce; Oversight and Government Reform; Foreign Affairs; Agriculture; Natural Resources; Small Business; Science, Space, and Technology; Judiciary; Homeland Security; Intelligence (Permanent Select); House Administration; Rules; Ethics; Budget; Appropriations","Latest Action: House - 05/20/2026 Referred to the Subcommittee on Livestock, Dairy, and Poultry. ( All Actions )",Introduced,"Magaziner, Seth",D,RI,2,0,02/02/2026
H.R.7292,https://www.congress.gov/bill/119th-congress/house-bill/7292?s=1&r=64,"To amend the National Quantum Initiative Act to require a biennial report on the progress of the Subcommittee on Quantum Information Science of the National Science and Technology Council in implementing the national workforce strategic plan, and for other purposes.","Committees: House - Science, Space, and Technology","Latest Action: House - 01/30/2026 Referred to the House Committee on Science, Space, and Technology . ( All Actions )",Introduced,"Lawler, Michael",R,NY,17,1,01/30/2026
H.R.7275,https://www.congress.gov/bill/119th-congress/house-bill/7275?s=1&r=65,Aviation Weather Safety Improvement Act,"Committees: House - Science, Space, and Technology; Transportation and Infrastructure",Latest Action: House - 01/31/2026 Referred to the Subcommittee on Aviation. ( All Actions ),Introduced,"Gillen, Laura",D,NY,4,1,01/30/2026
H.R.7273,https://www.congress.gov/bill/119th-congress/house-bill/7273?s=1&r=66,NASA Reauthorization Act of 2026,"Committees: House - Science, Space, and Technology",Latest Action: House - 02/04/2026 Ordered to be Reported (Amended) by the Yeas and Nays: 37 - 0. ( All Actions ),Introduced,"Babin, Brian",R,TX,36,3,01/30/2026
H.R.7217,https://www.congress.gov/bill/119th-congress/house-bill/7217?s=1&r=67,SBIR Administrative Funding Act,"Committees: House - Small Business; Science, Space, and Technology","Latest Action: House - 01/22/2026 Referred to the Committee on Small Business, and in addition to the Committee on Science, Space, and Technology , for a period to be subsequently determined by the Speaker, in each case for consideration of such provisions as fall within the jurisdiction of the... ( All Actions )",Introduced,"Latimer, George",D,NY,16,0,01/22/2026
H.R.7158,https://www.congress.gov/bill/119th-congress/house-bill/7158?s=1&r=68,Expanding AI Voices Act,"Committees: House - Science, Space, and Technology","Latest Action: House - 01/20/2026 Referred to the House Committee on Science, Space, and Technology . ( All Actions )",Introduced,"Foushee, Valerie P.",D,NC,4,5,01/20/2026
H.R.7129,https://www.congress.gov/bill/119th-congress/house-bill/7129?s=1&r=69,Water Power Research and Development Reauthorization Act,"Committees: House - Science, Space, and Technology; Education and Workforce",Latest Action: House - 05/20/2026 Ordered to be Reported (Amended) by Voice Vote. ( All Actions ),Introduced,"Bonamici, Suzanne",D,OR,1,1,01/16/2026
H.R.7077,https://www.congress.gov/bill/119th-congress/house-bill/7077?s=1&r=70,"To amend the Research and Development, Competition, and Innovation Act to require a plan for data collection and analytical capability relating to the skilled technical workforce, and for other purposes.","Committees: House - Science, Space, and Technology","Latest Action: House - 01/14/2026 Referred to the House Committee on Science, Space, and Technology . ( All Actions )",Introduced,"Scholten, Hillary J.",D,MI,3,5,01/14/2026
H.R.7007,https://www.congress.gov/bill/119th-congress/house-bill/7007?s=1&r=71,Governing for the People Act,"Committees: House - Ways and Means; Transportation and Infrastructure; Judiciary; Agriculture; Natural Resources; Science, Space, and Technology; Education and Workforce; Small Business; Energy and Commerce; Foreign Affairs; Intelligence (Permanent Select); Armed Services; Oversight and Government Reform; Veterans' Affairs; Financial Services; House Administration; Homeland Security; Rules; Ethics; Budget; Appropriations",Latest Action: House - 05/20/2026 Referred to the Subcommittee on Forestry and Horticulture. ( All Actions ),Introduced,"McGovern, James P.",D,MA,2,0,01/12/2026
H.R.6918,https://www.congress.gov/bill/119th-congress/house-bill/6918?s=1&r=72,Climate Pollution Standard and Community Investment Act of 2025,"Committees: House - Energy and Commerce; Ways and Means; Education and Workforce; Science, Space, and Technology","Latest Action: House - 12/19/2025 Referred to the Committee on Energy and Commerce, and in addition to the Committees on Ways and Means, Education and Workforce, and Science, Space, and Technology , for a period to be subsequently determined by the Speaker, in each case for consideration of such... ( All Actions )",Introduced,"Tonko, Paul",D,NY,20,0,12/19/2025
H.R.6898,https://www.congress.gov/bill/119th-congress/house-bill/6898?s=1&r=73,AIRSHIP Act,"Committees: House - Science, Space, and Technology","Latest Action: House - 12/18/2025 Referred to the House Committee on Science, Space, and Technology . ( All Actions )",Introduced,"Sykes, Emilia Strong",D,OH,13,1,12/18/2025
H.R.6805,https://www.congress.gov/bill/119th-congress/house-bill/6805?s=1&r=74,Next Generation Nuclear Deployment Act,"Committees: House - Science, Space, and Technology","Latest Action: House - 12/17/2025 Referred to the House Committee on Science, Space, and Technology . ( All Actions )",Introduced,"Moore, Tim",R,NC,14,0,12/17/2025
H.R.6742,https://www.congress.gov/bill/119th-congress/house-bill/6742?s=1&r=75,Q–LEAP,"Committees: House - Science, Space, and Technology","Latest Action: House - 12/16/2025 Referred to the House Committee on Science, Space, and Technology . ( All Actions )",Introduced,"Foushee, Valerie P.",D,NC,4,2,12/16/2025
H.R.6709,https://www.congress.gov/bill/119th-congress/house-bill/6709?s=1&r=76,Office of Fusion Act of 2025,"Committees: House - Energy and Commerce; Science, Space, and Technology","Latest Action: House - 12/15/2025 Referred to the Committee on Energy and Commerce, and in addition to the Committee on Science, Space, and Technology , for a period to be subsequently determined by the Speaker, in each case for consideration of such provisions as fall within the jurisdiction of the... ( All Actions )",Introduced,"Beyer, Donald S.",D,VA,8,6,12/15/2025
H.R.6667,https://www.congress.gov/bill/119th-congress/house-bill/6667?s=1&r=77,PFAS Research and Development Reauthorization Act of 2025,"Committees: House - Energy and Commerce; Science, Space, and Technology; Transportation and Infrastructure",Latest Action: House - 02/02/2026 Referred to the Subcommittee on Water Resources and Environment. ( All Actions ),Introduced,"Pappas, Chris",D,NH,1,1,12/11/2025
H.R.6647,https://www.congress.gov/bill/119th-congress/house-bill/6647?s=1&r=78,Drone Safety Enhancement Act,"Committees: House - Science, Space, and Technology","Latest Action: House - 12/11/2025 Referred to the House Committee on Science, Space, and Technology . ( All Actions )",Introduced,"Kean, Thomas H.",R,NJ,7,1,12/11/2025
H.R.6638,https://www.congress.gov/bill/119th-congress/house-bill/6638?s=1&r=79,"To require a report on merits and options for establishing an institute relating to space resources, and for other purposes.","Committees: House - Science, Space, and Technology","Latest Action: House - 12/11/2025 Referred to the House Committee on Science, Space, and Technology . ( All Actions )",Introduced,"Foushee, Valerie P.",D,NC,4,1,12/11/2025
H.R.6637,https://www.congress.gov/bill/119th-congress/house-bill/6637?s=1&r=80,To advance bipartisan priorities.,"Committees: House - Ways and Means; Energy and Commerce; Natural Resources; Education and Workforce; Transportation and Infrastructure; Science, Space, and Technology; Agriculture; Appropriations; Armed Services; Budget; Rules; Ethics; Financial Services; Foreign Affairs; Homeland Security; House Administration; Judiciary; Intelligence (Permanent Select); Oversight and Government Reform; Small Business; Veterans' Affairs",Latest Action: House - 01/15/2026 Referred to the Subcommittee on Oversight and Investigations. ( All Actions ),Introduced,"Fitzpatrick, Brian K.",R,PA,1,0,12/11/2025
H.R.6636,https://www.congress.gov/bill/119th-congress/house-bill/6636?s=1&r=81,To advance sensible priorities.,"Committees: House - Ways and Means; Energy and Commerce; Natural Resources; Education and Workforce; Transportation and Infrastructure; Science, Space, and Technology; Agriculture; Appropriations; Armed Services; Budget; Rules; Ethics; Financial Services; Foreign Affairs; Homeland Security; House Administration; Judiciary; Intelligence (Permanent Select); Oversight and Government Reform; Small Business; Veterans' Affairs",Latest Action: House - 01/15/2026 Referred to the Subcommittee on Disability Assistance and Memorial Affairs. ( All Actions ),Introduced,"Fitzpatrick, Brian K.",R,PA,1,0,12/11/2025
H.R.6621,https://www.congress.gov/bill/119th-congress/house-bill/6621?s=1&r=82,Workforce of the Future Act of 2025,"Committees: House - Education and Workforce; Science, Space, and Technology","Latest Action: House - 12/11/2025 Referred to the Committee on Education and Workforce, and in addition to the Committee on Science, Space, and Technology , for a period to be subsequently determined by the Speaker, in each case for consideration of such provisions as fall within the jurisdiction of... ( All Actions )",Introduced,"Cleaver, Emanuel",D,MO,5,9,12/11/2025
H.R.6531,https://www.congress.gov/bill/119th-congress/house-bill/6531?s=1&r=83,Bridges not Bumpers Act of 2025,"Committees: House - Transportation and Infrastructure; Science, Space, and Technology",Latest Action: House - 02/02/2026 Referred to the Subcommittee on Highways and Transit. ( All Actions ),Introduced,"Latimer, George",D,NY,16,10,12/09/2025
H.R.6487,https://www.congress.gov/bill/119th-congress/house-bill/6487?s=1&r=84,SECURE STEM Act,"Committees: House - Judiciary; Science, Space, and Technology","Latest Action: House - 12/05/2025 Referred to the Committee on the Judiciary, and in addition to the Committee on Science, Space, and Technology , for a period to be subsequently determined by the Speaker, in each case for consideration of such provisions as fall within the jurisdiction of the... ( All Actions )",Introduced,"Harrigan, Pat",R,NC,10,4,12/05/2025
H.R.6461,https://www.congress.gov/bill/119th-congress/house-bill/6461?s=1&r=85,READ AI Models Act,"Committees: House - Science, Space, and Technology","Latest Action: House - 12/04/2025 Referred to the House Committee on Science, Space, and Technology . ( All Actions )",Introduced,"McBride, Sarah",,,,7,12/04/2025
H.R.6402,https://www.congress.gov/bill/119th-congress/house-bill/6402?s=1&r=86,Ensuring Safe and Ethical AI Development Through SAFE AI Research Grants,"Committees: House - Science, Space, and Technology","Latest Action: House - 12/03/2025 Referred to the House Committee on Science, Space, and Technology . ( All Actions )",Introduced,"Kiley, Kevin",R,CA,3,0,12/03/2025
H.R.6366,https://www.congress.gov/bill/119th-congress/house-bill/6366?s=1&r=87,Boosting the Rural STEM Pipeline Act,"Committees: House - Science, Space, and Technology","Latest Action: House - 12/02/2025 Referred to the House Committee on Science, Space, and Technology . ( All Actions )",Introduced,"Riley, Josh",D,NY,19,5,12/02/2025
H.R.6360,https://www.congress.gov/bill/119th-congress/house-bill/6360?s=1&r=88,GENESIS Act,"Committees: House - Science, Space, and Technology","Latest Action: House - 12/02/2025 Referred to the House Committee on Science, Space, and Technology . ( All Actions )",Introduced,"Kennedy, Mike",R,UT,3,2,12/02/2025
H.R.6351,https://www.congress.gov/bill/119th-congress/house-bill/6351?s=1&r=89,Advancing Regional Quantum Hubs Act,"Committees: House - Science, Space, and Technology","Latest Action: House - 12/02/2025 Referred to the House Committee on Science, Space, and Technology . ( All Actions )",Introduced,"Gillen, Laura",D,NY,4,1,12/02/2025
H.R.6315,https://www.congress.gov/bill/119th-congress/house-bill/6315?s=1&r=90,SECURE IT Act,"Committees: House - House Administration; Science, Space, and Technology","Latest Action: House - 11/25/2025 Referred to the Committee on House Administration, and in addition to the Committee on Science, Space, and Technology , for a period to be subsequently determined by the Speaker, in each case for consideration of such provisions as fall within the jurisdiction of... ( All Actions )",Introduced,"Valadao, David G.",R,CA,22,1,11/25/2025
H.R.6304,https://www.congress.gov/bill/119th-congress/house-bill/6304?s=1&r=91,AI for America Act,"Committees: House - Science, Space, and Technology; Energy and Commerce","Latest Action: House - 11/25/2025 Referred to the Committee on Science, Space, and Technology , and in addition to the Committee on Energy and Commerce, for a period to be subsequently determined by the Speaker, in each case for consideration of such provisions as fall within the jurisdiction of the... ( All Actions )",Introduced,"Kiggans, Jennifer A.",R,VA,2,1,11/25/2025
H.R.6207,https://www.congress.gov/bill/119th-congress/house-bill/6207?s=1&r=92,Chip EQUIP Act,"Committees: House - Energy and Commerce; Science, Space, and Technology","Latest Action: House - 11/20/2025 Referred to the Committee on Energy and Commerce, and in addition to the Committee on Science, Space, and Technology , for a period to be subsequently determined by the Speaker, in each case for consideration of such provisions as fall within the jurisdiction of the... ( All Actions )",Introduced,"Lofgren, Zoe",D,CA,18,10,11/20/2025
H.R.6184,https://www.congress.gov/bill/119th-congress/house-bill/6184?s=1&r=93,NOAA Data Preservation Act,"Committees: House - Natural Resources; Science, Space, and Technology","Latest Action: House - 11/20/2025 Referred to the Committee on Natural Resources, and in addition to the Committee on Science, Space, and Technology , for a period to be subsequently determined by the Speaker, in each case for consideration of such provisions as fall within the jurisdiction of the... ( All Actions )",Introduced,"Elfreth, Sarah",D,MD,3,17,11/20/2025
H.R.6177,https://www.congress.gov/bill/119th-congress/house-bill/6177?s=1&r=94,Grid Research and Development Act,"Committees: House - Energy and Commerce; Science, Space, and Technology","Latest Action: House - 11/20/2025 Referred to the Committee on Energy and Commerce, and in addition to the Committee on Science, Space, and Technology , for a period to be subsequently determined by the Speaker, in each case for consideration of such provisions as fall within the jurisdiction of the... ( All Actions )",Introduced,"Casten, Sean",D,IL,6,12,11/20/2025
H.R.6159,https://www.congress.gov/bill/119th-congress/house-bill/6159?s=1&r=95,AI for ALL Act,"Committees: House - Science, Space, and Technology","Latest Action: House - 11/19/2025 Referred to the House Committee on Science, Space, and Technology . ( All Actions )",Introduced,"Rivas, Luz M.",D,CA,29,3,11/19/2025
H.R.6154,https://www.congress.gov/bill/119th-congress/house-bill/6154?s=1&r=96,Regional Leadership in Wildland Fire Research Act of 2025,"Committees: House - Natural Resources; Agriculture; Science, Space, and Technology","Latest Action: House - 05/20/2026 Referred to the Subcommittee on Conservation, Research, and Biotechnology. ( All Actions )",Introduced,"Min, Dave",D,CA,47,1,11/19/2025
H.R.6094,https://www.congress.gov/bill/119th-congress/house-bill/6094?s=1&r=97,Fire Innovation Unit Act,"Committees: House - Natural Resources; Agriculture; Science, Space, and Technology",Latest Action: House - 12/02/2025 Referred to the Subcommittee on Forestry and Horticulture. ( All Actions ),Introduced,"Kim, Young",R,CA,40,2,11/18/2025
H.R.6089,https://www.congress.gov/bill/119th-congress/house-bill/6089?s=1&r=98,Biomanufacturing Excellence Act of 2025,"Committees: House - Science, Space, and Technology","Latest Action: House - 11/18/2025 Referred to the House Committee on Science, Space, and Technology . ( All Actions )",Introduced,"Houlahan, Chrissy",D,PA,6,15,11/18/2025
H.R.6039,https://www.congress.gov/bill/119th-congress/house-bill/6039?s=1&r=99,Commonsense Legislating Act,"Committees: House - Ways and Means; Small Business; Appropriations; Ethics; Education and Workforce; Judiciary; Veterans' Affairs; Natural Resources; House Administration; Science, Space, and Technology; Energy and Commerce; Financial Services; Transportation and Infrastructure; Oversight and Government Reform; Agriculture; Armed Services; Foreign Affairs; Intelligence (Permanent Select); Homeland Security; Rules; Budget",Latest Action: House - 11/20/2025 Referred to the Subcommittee on Health. ( All Actions ),Introduced,"McGovern, James P.",D,MA,2,0,11/12/2025
H.R.5855,https://www.congress.gov/bill/119th-congress/house-bill/5855?s=1&r=100,Measuring the Cost of Disasters Act of 2025,"Committees: House - Science, Space, and Technology","Latest Action: House - 10/28/2025 Referred to the House Committee on Science, Space, and Technology . ( All Actions )",Introduced,"Neguse, Joe",D,CO,2,3,10/28/2025
H.R.5827,https://www.congress.gov/bill/119th-congress/house-bill/5827?s=1&r=101,"To advance bipartisan, common sense solutions.","Committees: House - Ways and Means; Energy and Commerce; Natural Resources; Education and Workforce; Transportation and Infrastructure; Science, Space, and Technology; Agriculture; Appropriations; Armed Services; Budget; Rules; Ethics; Financial Services; Foreign Affairs; Homeland Security; House Administration; Judiciary; Intelligence (Permanent Select); Oversight and Government Reform; Small Business; Veterans' Affairs",Latest Action: House - 10/27/2025 Referred to the Subcommittee on Cybersecurity and Infrastructure Protection. ( All Actions ),Introduced,"Suozzi, Thomas R.",D,NY,3,0,10/24/2025
H.R.5782,https://www.congress.gov/bill/119th-congress/house-bill/5782?s=1&r=102,Western Wildfire Support Act of 2025,"Committees: House - Natural Resources; Agriculture; Transportation and Infrastructure; Science, Space, and Technology; Armed Services",Latest Action: House - 12/05/2025 Referred to the Subcommittee on Forestry and Horticulture. ( All Actions ),Introduced,"Neguse, Joe",D,CO,2,0,10/17/2025
H.R.5777,https://www.congress.gov/bill/119th-congress/house-bill/5777?s=1&r=103,National Fire Academy RESCUE Act,"Committees: House - Science, Space, and Technology","Latest Action: House - 10/17/2025 Referred to the House Committee on Science, Space, and Technology . ( All Actions )",Introduced,"McClain Delaney, April",D,MD,6,12,10/17/2025
H.R.5712,https://www.congress.gov/bill/119th-congress/house-bill/5712?s=1&r=104,Quantum LEAP Act of 2025,"Committees: House - Science, Space, and Technology","Latest Action: House - 10/08/2025 Referred to the House Committee on Science, Space, and Technology . ( All Actions )",Introduced,"Fleischmann, Charles J. ""Chuck""",R,TN,3,0,10/08/2025
H.R.5692,https://www.congress.gov/bill/119th-congress/house-bill/5692?s=1&r=105,Marine Energy Technologies Acceleration Act,"Committees: House - Science, Space, and Technology; Energy and Commerce; Natural Resources; Education and Workforce","Latest Action: House - 10/06/2025 Referred to the Committee on Science, Space, and Technology , and in addition to the Committees on Energy and Commerce, Natural Resources, and Education and Workforce, for a period to be subsequently determined by the Speaker, in each case for consideration of such... ( All Actions )",Introduced,"Barragán, Nanette Diaz",D,CA,44,3,10/06/2025
H.R.5650,https://www.congress.gov/bill/119th-congress/house-bill/5650?s=1&r=106,Weatherization Resilience and Adaptation Program Act,"Committees: House - Financial Services; Science, Space, and Technology","Latest Action: House - 09/30/2025 Referred to the Committee on Financial Services, and in addition to the Committee on Science, Space, and Technology , for a period to be subsequently determined by the Speaker, in each case for consideration of such provisions as fall within the jurisdiction of the... ( All Actions )",Introduced,"Mullin, Kevin",D,CA,15,10,09/30/2025
H.R.5626,https://www.congress.gov/bill/119th-congress/house-bill/5626?s=1&r=107,Taiwan and American Space Assistance Act of 2025,"Committees: House - Science, Space, and Technology; Foreign Affairs","Latest Action: House - 09/30/2025 Referred to the Committee on Science, Space, and Technology , and in addition to the Committee on Foreign Affairs, for a period to be subsequently determined by the Speaker, in each case for consideration of such provisions as fall within the jurisdiction of the... ( All Actions )",Introduced,"Hill, J. French",R,AR,2,18,09/30/2025
H.R.5622,https://www.congress.gov/bill/119th-congress/house-bill/5622?s=1&r=108,National Gun Violence Research Act of 2025,"Committees: House - Judiciary; Science, Space, and Technology; Energy and Commerce","Latest Action: House - 09/30/2025 Referred to the Committee on the Judiciary, and in addition to the Committees on Science, Space, and Technology , and Energy and Commerce, for a period to be subsequently determined by the Speaker, in each case for consideration of such provisions as fall within the... ( All Actions )",Introduced,"Foushee, Valerie P.",D,NC,4,13,09/30/2025
H.R.5602,https://www.congress.gov/bill/119th-congress/house-bill/5602?s=1&r=109,LAUNCH Act,"Committees: House - Science, Space, and Technology","Latest Action: House - 09/26/2025 Referred to the House Committee on Science, Space, and Technology . ( All Actions )",Introduced,"Pfluger, August",R,TX,11,1,09/26/2025
H.R.5597,https://www.congress.gov/bill/119th-congress/house-bill/5597?s=1&r=110,BECCS Advancement Commission Act of 2025,"Committees: House - Energy and Commerce; Science, Space, and Technology; Agriculture; Natural Resources",Latest Action: House - 12/02/2025 Referred to the Subcommittee on Forestry and Horticulture. ( All Actions ),Introduced,"Moore, Blake D.",R,UT,1,2,09/26/2025
H.R.5584,https://www.congress.gov/bill/119th-congress/house-bill/5584?s=1&r=111,LIFT AI Act,"Committees: House - Science, Space, and Technology","Latest Action: House - 09/26/2025 Referred to the House Committee on Science, Space, and Technology . ( All Actions )",Introduced,"Kean, Thomas H.",R,NJ,7,8,09/26/2025
H.R.5575,https://www.congress.gov/bill/119th-congress/house-bill/5575?s=1&r=112,FASTER Act,"Committees: House - Science, Space, and Technology","Latest Action: House - 09/26/2025 Referred to the House Committee on Science, Space, and Technology . ( All Actions )",Introduced,"Frankel, Lois",D,FL,22,7,09/26/2025
H.R.5456,https://www.congress.gov/bill/119th-congress/house-bill/5456?s=1&r=113,NWR Modernization Act of 2025,"Committees: House - Science, Space, and Technology","Latest Action: House - 09/18/2025 Referred to the House Committee on Science, Space, and Technology . ( All Actions )",Introduced,"Bice, Stephanie I.",R,OK,5,4,09/18/2025
H.R.5447,https://www.congress.gov/bill/119th-congress/house-bill/5447?s=1&r=114,SPACEPORT Act,"Committees: House - Science, Space, and Technology","Latest Action: House - 09/17/2025 Referred to the House Committee on Science, Space, and Technology . ( All Actions )",Introduced,"Strong, Dale W.",R,AL,5,2,09/17/2025
H.R.5410,https://www.congress.gov/bill/119th-congress/house-bill/5410?s=1&r=115,Critical Mineral Brine Extraction Research and Development Act,"Committees: House - Science, Space, and Technology","Latest Action: House - 09/16/2025 Referred to the House Committee on Science, Space, and Technology . ( All Actions )",Introduced,"Schweikert, David",R,AZ,1,0,09/16/2025
H.R.5388,https://www.congress.gov/bill/119th-congress/house-bill/5388?s=1&r=116,American Artificial Intelligence Leadership and Uniformity Act,"Committees: House - Science, Space, and Technology; Foreign Affairs; Armed Services; Homeland Security; Oversight and Government Reform; Judiciary; Energy and Commerce; Small Business; Education and Workforce; Financial Services; Veterans' Affairs; Transportation and Infrastructure",Latest Action: House - 12/19/2025 Referred to the Subcommittee on Oversight and Investigations. ( All Actions ),Introduced,"Baumgartner, Michael",R,WA,5,0,09/16/2025
H.R.5351,https://www.congress.gov/bill/119th-congress/house-bill/5351?s=1&r=117,NSF AI Education Act of 2025,"Committees: House - Science, Space, and Technology","Latest Action: House - 09/15/2025 Referred to the House Committee on Science, Space, and Technology . ( All Actions )",Introduced,"Fong, Vince",R,CA,20,26,09/15/2025
H.R.5332,https://www.congress.gov/bill/119th-congress/house-bill/5332?s=1&r=118,Liquid Cooling for AI Act of 2025,"Committees: House - Energy and Commerce; Science, Space, and Technology","Latest Action: House - 09/11/2025 Referred to the Committee on Energy and Commerce, and in addition to the Committee on Science, Space, and Technology , for a period to be subsequently determined by the Speaker, in each case for consideration of such provisions as fall within the jurisdiction of the... ( All Actions )",Introduced,"Obernolte, Jay",R,CA,23,11,09/11/2025
H.R.5326,https://www.congress.gov/bill/119th-congress/house-bill/5326?s=1&r=119,FLAME Act,"Committees: House - Science, Space, and Technology","Latest Action: House - 09/11/2025 Referred to the House Committee on Science, Space, and Technology . ( All Actions )",Introduced,"McClain Delaney, April",D,MD,6,16,09/11/2025
H.R.5289,https://www.congress.gov/bill/119th-congress/house-bill/5289?s=1&r=120,Semiconductor Sovereignty Act,"Committees: House - Foreign Affairs; Energy and Commerce; Science, Space, and Technology","Latest Action: House - 09/10/2025 Referred to the Committee on Foreign Affairs, and in addition to the Committees on Energy and Commerce, and Science, Space, and Technology , for a period to be subsequently determined by the Speaker, in each case for consideration of such provisions as fall within... ( All Actions )",Introduced,"Vindman, Eugene Simon",D,VA,7,2,09/10/2025
H.R.5288,https://www.congress.gov/bill/119th-congress/house-bill/5288?s=1&r=121,AI Sovereignty Act,"Committees: House - Foreign Affairs; Energy and Commerce; Science, Space, and Technology","Latest Action: House - 09/10/2025 Referred to the Committee on Foreign Affairs, and in addition to the Committees on Energy and Commerce, and Science, Space, and Technology , for a period to be subsequently determined by the Speaker, in each case for consideration of such provisions as fall within... ( All Actions )",Introduced,"Vindman, Eugene Simon",D,VA,7,2,09/10/2025
H.R.5285,https://www.congress.gov/bill/119th-congress/house-bill/5285?s=1&r=122,TWISTER Act,"Committees: House - Science, Space, and Technology","Latest Action: House - 09/10/2025 Referred to the House Committee on Science, Space, and Technology . ( All Actions )",Introduced,"Stevens, Haley M.",D,MI,11,0,09/10/2025
H.R.5253,https://www.congress.gov/bill/119th-congress/house-bill/5253?s=1&r=123,Protecting American Research and Talent Act,"Committees: House - Science, Space, and Technology","Latest Action: House - 09/10/2025 Referred to the House Committee on Science, Space, and Technology . ( All Actions )",Introduced,"Barr, Andy",R,KY,6,0,09/10/2025
H.R.5227,https://www.congress.gov/bill/119th-congress/house-bill/5227?s=1&r=124,Unleashing Low-Cost Rural AI Act,"Committees: House - Science, Space, and Technology","Latest Action: House - 09/09/2025 Referred to the House Committee on Science, Space, and Technology . ( All Actions )",Introduced,"Costa, Jim",D,CA,21,6,09/09/2025
H.R.5212,https://www.congress.gov/bill/119th-congress/house-bill/5212?s=1&r=125,SBIR/STTR Innovation Workforce Act,"Committees: House - Small Business; Science, Space, and Technology","Latest Action: House - 09/08/2025 Referred to the Committee on Small Business, and in addition to the Committee on Science, Space, and Technology , for a period to be subsequently determined by the Speaker, in each case for consideration of such provisions as fall within the jurisdiction of the... ( All Actions )",Introduced,"Scholten, Hillary J.",D,MI,3,0,09/08/2025
H.R.5157,https://www.congress.gov/bill/119th-congress/house-bill/5157?s=1&r=126,Streamlining American Manufacturing Strategy Act,"Committees: House - Science, Space, and Technology","Latest Action: House - 09/04/2025 Referred to the House Committee on Science, Space, and Technology . ( All Actions )",Introduced,"Rivas, Luz M.",D,CA,29,1,09/04/2025
H.R.5122,https://www.congress.gov/bill/119th-congress/house-bill/5122?s=1&r=127,NASA Talent Exchange Program Act,"Committees: House - Science, Space, and Technology","Latest Action: House - 09/03/2025 Referred to the House Committee on Science, Space, and Technology . ( All Actions )",Introduced,"Sykes, Emilia Strong",D,OH,13,2,09/03/2025
H.R.5104,https://www.congress.gov/bill/119th-congress/house-bill/5104?s=1&r=128,Preventing HEAT Illness and Deaths Act of 2025,"Committees: House - Energy and Commerce; Science, Space, and Technology","Latest Action: House - 09/03/2025 Referred to the Committee on Energy and Commerce, and in addition to the Committee on Science, Space, and Technology , for a period to be subsequently determined by the Speaker, in each case for consideration of such provisions as fall within the jurisdiction of the... ( All Actions )",Introduced,"Bonamici, Suzanne",D,OR,1,12,09/03/2025
H.R.5100,https://www.congress.gov/bill/119th-congress/house-bill/5100?s=1&r=129,"To extend the SBIR and STTR programs, and for other purposes.","Committees: House - Small Business; Science, Space, and Technology | Senate - Small Business and Entrepreneurship",Latest Action: Senate - 09/16/2025 Received in the Senate and Read twice and referred to the Committee on Small Business and Entrepreneurship. ( All Actions ),Passed House,"Williams, Roger",R,TX,25,18,09/02/2025
H.R.5089,https://www.congress.gov/bill/119th-congress/house-bill/5089?s=1&r=130,Weather Act Reauthorization Act of 2025,"Committees: House - Science, Space, and Technology; Natural Resources",Latest Action: House - 09/10/2025 Ordered to be Reported (Amended) by Voice Vote. ( All Actions ),Introduced,"Lucas, Frank D.",R,OK,3,26,09/02/2025
H.R.5002,https://www.congress.gov/bill/119th-congress/house-bill/5002?s=1&r=131,Protect Americans from Climate Disasters Act,"Committees: House - Natural Resources; Science, Space, and Technology","Latest Action: House - 08/19/2025 Referred to the Committee on Natural Resources, and in addition to the Committee on Science, Space, and Technology , for a period to be subsequently determined by the Speaker, in each case for consideration of such provisions as fall within the jurisdiction of the... ( All Actions )",Introduced,"Neguse, Joe",D,CO,2,12,08/19/2025
H.R.5001,https://www.congress.gov/bill/119th-congress/house-bill/5001?s=1&r=132,SBIR/STTR Oversight Act,"Committees: House - Small Business; Science, Space, and Technology","Latest Action: House - 08/19/2025 Referred to the Committee on Small Business, and in addition to the Committee on Science, Space, and Technology , for a period to be subsequently determined by the Speaker, in each case for consideration of such provisions as fall within the jurisdiction of the... ( All Actions )",Introduced,"McGarvey, Morgan",D,KY,3,0,08/19/2025
H.R.4999,https://www.congress.gov/bill/119th-congress/house-bill/4999?s=1&r=133,Fusion Workforce Act,"Committees: House - Science, Space, and Technology","Latest Action: House - 08/19/2025 Referred to the House Committee on Science, Space, and Technology . ( All Actions )",Introduced,"Lofgren, Zoe",D,CA,18,1,08/19/2025
H.R.4990,https://www.congress.gov/bill/119th-congress/house-bill/4990?s=1&r=134,Wildfire Grid Resiliency Act,"Committees: House - Science, Space, and Technology","Latest Action: House - 08/15/2025 Referred to the House Committee on Science, Space, and Technology . ( All Actions )",Introduced,"Torres, Norma J.",D,CA,35,0,08/15/2025
H.R.4942,https://www.congress.gov/bill/119th-congress/house-bill/4942?s=1&r=135,Quantum Encryption Readiness and Resilience Act,"Committees: House - Science, Space, and Technology","Latest Action: House - 08/08/2025 Referred to the House Committee on Science, Space, and Technology . ( All Actions )",Introduced,"Subramanyam, Suhas",D,VA,10,4,08/08/2025
H.R.4937,https://www.congress.gov/bill/119th-congress/house-bill/4937?s=1&r=136,EQUAL Parks Act,"Committees: House - Natural Resources; Agriculture; Transportation and Infrastructure; Science, Space, and Technology","Latest Action: House - 08/08/2025 Referred to the Committee on Natural Resources, and in addition to the Committees on Agriculture, Transportation and Infrastructure, and Science, Space, and Technology , for a period to be subsequently determined by the Speaker, in each case for consideration of... ( All Actions )",Introduced,"Randall, Emily",D,WA,6,7,08/08/2025
H.R.4906,https://www.congress.gov/bill/119th-congress/house-bill/4906?s=1&r=137,USA Act,"Committees: House - Science, Space, and Technology","Latest Action: House - 08/05/2025 Referred to the House Committee on Science, Space, and Technology . ( All Actions )",Introduced,"Webster, Daniel",R,FL,11,1,08/05/2025
H.R.4904,https://www.congress.gov/bill/119th-congress/house-bill/4904?s=1&r=138,PHASE Act of 2025,"Committees: House - Transportation and Infrastructure; Science, Space, and Technology",Latest Action: House - 08/06/2025 Referred to the Subcommittee on Highways and Transit. ( All Actions ),Introduced,"Torres, Norma J.",D,CA,35,2,08/05/2025
H.R.4842,https://www.congress.gov/bill/119th-congress/house-bill/4842?s=1&r=139,SBIR Commercialization Improvement Act,"Committees: House - Small Business; Science, Space, and Technology","Latest Action: House - 08/01/2025 Referred to the Committee on Small Business, and in addition to the Committee on Science, Space, and Technology , for a period to be subsequently determined by the Speaker, in each case for consideration of such provisions as fall within the jurisdiction of the... ( All Actions )",Introduced,"Cisneros, Gilbert Ray",D,CA,31,0,08/01/2025
H.R.4823,https://www.congress.gov/bill/119th-congress/house-bill/4823?s=1&r=140,Promoting Free and Fair Elections Act of 2025,"Committees: House - House Administration; Judiciary; Oversight and Government Reform; Science, Space, and Technology; Education and Workforce","Latest Action: House - 07/29/2025 Referred to the Committee on House Administration, and in addition to the Committees on the Judiciary, Oversight and Government Reform, Science, Space, and Technology , and Education and Workforce, for a period to be subsequently determined by the Speaker, in each... ( All Actions )",Introduced,"Tenney, Claudia",R,NY,24,0,07/29/2025
H.R.4777,https://www.congress.gov/bill/119th-congress/house-bill/4777?s=1&r=141,INNOVATE Act,"Committees: House - Small Business; Science, Space, and Technology","Latest Action: House - 07/25/2025 Referred to the Committee on Small Business, and in addition to the Committee on Science, Space, and Technology , for a period to be subsequently determined by the Speaker, in each case for consideration of such provisions as fall within the jurisdiction of the... ( All Actions )",Introduced,"Williams, Roger",R,TX,25,1,07/25/2025
H.R.4775,https://www.congress.gov/bill/119th-congress/house-bill/4775?s=1&r=142,SBIR/STTR Foreign Interference Safeguard Act,"Committees: House - Small Business; Science, Space, and Technology","Latest Action: House - 07/25/2025 Referred to the Committee on Small Business, and in addition to the Committee on Science, Space, and Technology , for a period to be subsequently determined by the Speaker, in each case for consideration of such provisions as fall within the jurisdiction of the... ( All Actions )",Introduced,"Tran, Derek",D,CA,45,1,07/25/2025
H.R.4729,https://www.congress.gov/bill/119th-congress/house-bill/4729?s=1&r=143,To codify Executive Order 14292 relating to improving the safety and security of biological research.,"Committees: House - Energy and Commerce; Science, Space, and Technology","Latest Action: House - 07/23/2025 Referred to the Committee on Energy and Commerce, and in addition to the Committee on Science, Space, and Technology , for a period to be subsequently determined by the Speaker, in each case for consideration of such provisions as fall within the jurisdiction of the... ( All Actions )",Introduced,"Self, Keith",R,TX,3,0,07/23/2025
H.R.4714,https://www.congress.gov/bill/119th-congress/house-bill/4714?s=1&r=144,End Polluter Welfare Act of 2025,"Committees: House - Ways and Means; Transportation and Infrastructure; Natural Resources; Science, Space, and Technology; Energy and Commerce; Agriculture; Appropriations; Financial Services; Foreign Affairs","Latest Action: House - 07/23/2025 Referred to the Committee on Ways and Means, and in addition to the Committees on Transportation and Infrastructure, Natural Resources, Science, Space, and Technology , Energy and Commerce, Agriculture, Appropriations, Financial Services, and Foreign Affairs, for a... ( All Actions )",Introduced,"Omar, Ilhan",D,MN,5,22,07/23/2025
H.R.4702,https://www.congress.gov/bill/119th-congress/house-bill/4702?s=1&r=145,National Fire Academy Reporting Act,"Committees: House - Science, Space, and Technology","Latest Action: House - 07/23/2025 Referred to the House Committee on Science, Space, and Technology . ( All Actions )",Introduced,"McClain Delaney, April",D,MD,6,23,07/23/2025
H.R.4695,https://www.congress.gov/bill/119th-congress/house-bill/4695?s=1&r=146,Facial Recognition Act of 2025,"Committees: House - Judiciary; Science, Space, and Technology","Latest Action: House - 07/23/2025 Referred to the Committee on the Judiciary, and in addition to the Committee on Science, Space, and Technology , for a period to be subsequently determined by the Speaker, in each case for consideration of such provisions as fall within the jurisdiction of the... ( All Actions )",Introduced,"Lieu, Ted",D,CA,36,5,07/23/2025
H.R.4649,https://www.congress.gov/bill/119th-congress/house-bill/4649?s=1&r=147,Smart Cities and Communities Act of 2025,"Committees: House - Energy and Commerce; Science, Space, and Technology; Education and Workforce; Foreign Affairs","Latest Action: House - 07/23/2025 Referred to the Committee on Energy and Commerce, and in addition to the Committees on Science, Space, and Technology , Education and Workforce, and Foreign Affairs, for a period to be subsequently determined by the Speaker, in each case for consideration of such... ( All Actions )",Introduced,"DelBene, Suzan K.",D,WA,1,1,07/23/2025
H.R.4563,https://www.congress.gov/bill/119th-congress/house-bill/4563?s=1&r=148,Fixing Gaps in Hurricane Preparedness Act,"Committees: House - Science, Space, and Technology","Latest Action: House - 07/21/2025 Referred to the House Committee on Science, Space, and Technology . ( All Actions )",Introduced,"Frost, Maxwell",D,FL,10,1,07/21/2025
H.R.4520,https://www.congress.gov/bill/119th-congress/house-bill/4520?s=1&r=149,SBIR/STTR Application Assistance Act,"Committees: House - Small Business; Science, Space, and Technology","Latest Action: House - 07/17/2025 Referred to the Committee on Small Business, and in addition to the Committee on Science, Space, and Technology , for a period to be subsequently determined by the Speaker, in each case for consideration of such provisions as fall within the jurisdiction of the... ( All Actions )",Introduced,"Morrison, Kelly",D,MN,3,0,07/17/2025
H.R.4512,https://www.congress.gov/bill/119th-congress/house-bill/4512?s=1&r=150,TRANS MICE Act,"Committees: House - Science, Space, and Technology","Latest Action: House - 07/17/2025 Referred to the House Committee on Science, Space, and Technology . ( All Actions )",Introduced,"Mace, Nancy",R,SC,1,6,07/17/2025
H.R.4496,https://www.congress.gov/bill/119th-congress/house-bill/4496?s=1&r=151,Restore and Modernize Our National Laboratories Act of 2025,"Committees: House - Science, Space, and Technology","Latest Action: House - 07/17/2025 Referred to the House Committee on Science, Space, and Technology . ( All Actions )",Introduced,"Foster, Bill",D,IL,11,3,07/17/2025
H.R.4482,https://www.congress.gov/bill/119th-congress/house-bill/4482?s=1&r=152,Stop NOAA Closures Act,"Committees: House - Natural Resources; Science, Space, and Technology; Transportation and Infrastructure","Latest Action: House - 07/18/2025 Referred to the Subcommittee on Economic Development, Public Buildings, and Emergency Management. ( All Actions )",Introduced,"Amo, Gabe",D,RI,1,83,07/17/2025
H.R.4416,https://www.congress.gov/bill/119th-congress/house-bill/4416?s=1&r=153,"To establish in the National Oceanic and Atmospheric Administration a program to improve precipitation forecasts, and for other purposes.","Committees: House - Science, Space, and Technology","Latest Action: House - 07/15/2025 Referred to the House Committee on Science, Space, and Technology . ( All Actions )",Introduced,"Ross, Deborah K.",D,NC,2,1,07/15/2025
H.R.4370,https://www.congress.gov/bill/119th-congress/house-bill/4370?s=1&r=154,SAMS Act of 2025,"Committees: House - Natural Resources; Science, Space, and Technology; Foreign Affairs; Transportation and Infrastructure; Armed Services; Energy and Commerce; Agriculture; Ways and Means; Financial Services; Oversight and Government Reform; Small Business","Latest Action: House - 07/14/2025 Referred to the Committee on Natural Resources, and in addition to the Committees on Science, Space, and Technology , Foreign Affairs, Transportation and Infrastructure, Armed Services, Energy and Commerce, Agriculture, Ways and Means, Financial Services, Oversight... ( All Actions )",Introduced,"Palmer, Gary J.",R,AL,6,48,07/14/2025
H.R.4360,https://www.congress.gov/bill/119th-congress/house-bill/4360?s=1&r=155,Frank Wolf Space Security Act,"Committees: House - Science, Space, and Technology","Latest Action: House - 07/10/2025 Referred to the House Committee on Science, Space, and Technology . ( All Actions )",Introduced,"Webster, Daniel",R,FL,11,0,07/10/2025
H.R.4350,https://www.congress.gov/bill/119th-congress/house-bill/4350?s=1&r=156,Unearth America’s Future Act,"Committees: House - Ways and Means; Energy and Commerce; Natural Resources; Education and Workforce; Science, Space, and Technology","Latest Action: House - 07/10/2025 Referred to the Committee on Ways and Means, and in addition to the Committees on Energy and Commerce, Natural Resources, Education and Workforce, and Science, Space, and Technology , for a period to be subsequently determined by the Speaker, in each case for... ( All Actions )",Introduced,"Stevens, Haley M.",D,MI,11,3,07/10/2025
H.R.4341,https://www.congress.gov/bill/119th-congress/house-bill/4341?s=1&r=157,International Maritime Pollution Accountability Act of 2025,"Committees: House - Energy and Commerce; Transportation and Infrastructure; Science, Space, and Technology; Natural Resources; Ways and Means",Latest Action: House - 12/01/2025 Referred to the Subcommittee on Coast Guard and Maritime Transportation. ( All Actions ),Introduced,"Matsui, Doris O.",D,CA,7,1,07/10/2025
H.R.4339,https://www.congress.gov/bill/119th-congress/house-bill/4339?s=1&r=158,Renewable Energy for U.S. Territories Act,"Committees: House - Agriculture; Science, Space, and Technology; Energy and Commerce","Latest Action: House - 07/10/2025 Referred to the Committee on Agriculture, and in addition to the Committees on Science, Space, and Technology , and Energy and Commerce, for a period to be subsequently determined by the Speaker, in each case for consideration of such provisions as fall within the... ( All Actions )",Introduced,"Lieu, Ted",D,CA,36,3,07/10/2025
H.R.4338,https://www.congress.gov/bill/119th-congress/house-bill/4338?s=1&r=159,Weather-Safe Energy Act of 2025,"Committees: House - Science, Space, and Technology","Latest Action: House - 07/10/2025 Referred to the House Committee on Science, Space, and Technology . ( All Actions )",Introduced,"Leger Fernandez, Teresa",D,NM,3,6,07/10/2025
H.R.4302,https://www.congress.gov/bill/119th-congress/house-bill/4302?s=1&r=160,Improving Atmospheric River Forecasts Act,"Committees: House - Science, Space, and Technology","Latest Action: House - 07/07/2025 Referred to the House Committee on Science, Space, and Technology . ( All Actions )",Introduced,"Obernolte, Jay",R,CA,23,5,07/07/2025
H.R.4263,https://www.congress.gov/bill/119th-congress/house-bill/4263?s=1&r=161,123 GO Act,"Committees: House - Foreign Affairs; Armed Services; Energy and Commerce; Financial Services; Science, Space, and Technology","Latest Action: House - 06/30/2025 Referred to the Committee on Foreign Affairs, and in addition to the Committees on Armed Services, Energy and Commerce, Financial Services, and Science, Space, and Technology , for a period to be subsequently determined by the Speaker, in each case for consideration... ( All Actions )",Introduced,"Self, Keith",R,TX,3,4,06/30/2025
H.R.4239,https://www.congress.gov/bill/119th-congress/house-bill/4239?s=1&r=162,Rural Weather Monitoring Systems Act,"Committees: House - Science, Space, and Technology","Latest Action: House - 06/27/2025 Referred to the House Committee on Science, Space, and Technology . ( All Actions )",Introduced,"Moran, Nathaniel",R,TX,1,5,06/27/2025
H.R.4172,https://www.congress.gov/bill/119th-congress/house-bill/4172?s=1&r=163,OCED Elimination Act,"Committees: House - Science, Space, and Technology","Latest Action: House - 06/26/2025 Referred to the House Committee on Science, Space, and Technology . ( All Actions )",Introduced,"Gill, Brandon",R,TX,26,9,06/26/2025
H.R.4141,https://www.congress.gov/bill/119th-congress/house-bill/4141?s=1&r=164,Advanced Weather Model Computing Development Act,"Committees: House - Natural Resources; Science, Space, and Technology","Latest Action: House - 06/25/2025 Referred to the Committee on Natural Resources, and in addition to the Committee on Science, Space, and Technology , for a period to be subsequently determined by the Speaker, in each case for consideration of such provisions as fall within the jurisdiction of the... ( All Actions )",Introduced,"Miller, Max L.",R,OH,7,4,06/25/2025
H.R.4075,https://www.congress.gov/bill/119th-congress/house-bill/4075?s=1&r=165,Fire Weather Development Act of 2025,"Committees: House - Science, Space, and Technology","Latest Action: House - 06/23/2025 Referred to the House Committee on Science, Space, and Technology . ( All Actions )",Introduced,"Crank, Jeff",R,CO,5,7,06/23/2025
H.R.4073,https://www.congress.gov/bill/119th-congress/house-bill/4073?s=1&r=166,"Tsunami Warning, Research, and Education Act of 2025","Committees: House - Science, Space, and Technology; Transportation and Infrastructure","Latest Action: House - 06/24/2025 Referred to the Subcommittee on Economic Development, Public Buildings, and Emergency Management. ( All Actions )",Introduced,"Bonamici, Suzanne",D,OR,1,3,06/23/2025
H.R.4065,https://www.congress.gov/bill/119th-congress/house-bill/4065?s=1&r=167,Bring the Space Shuttle Home Act,"Committees: House - Science, Space, and Technology; House Administration","Latest Action: House - 06/20/2025 Referred to the Committee on Science, Space, and Technology , and in addition to the Committee on House Administration, for a period to be subsequently determined by the Speaker, in each case for consideration of such provisions as fall within the jurisdiction of... ( All Actions )",Introduced,"Weber, Randy K. Sr.",R,TX,14,2,06/20/2025
H.R.4048,https://www.congress.gov/bill/119th-congress/house-bill/4048?s=1&r=168,STEM Pathways for the Future Act,"Committees: House - Science, Space, and Technology; Education and Workforce","Latest Action: House - 06/17/2025 Referred to the Committee on Science, Space, and Technology , and in addition to the Committee on Education and Workforce, for a period to be subsequently determined by the Speaker, in each case for consideration of such provisions as fall within the jurisdiction of... ( All Actions )",Introduced,"Rivas, Luz M.",D,CA,29,8,06/17/2025
H.R.4047,https://www.congress.gov/bill/119th-congress/house-bill/4047?s=1&r=169,Coastal Communities Ocean Acidification Act of 2025,"Committees: House - Science, Space, and Technology","Latest Action: House - 06/17/2025 Referred to the House Committee on Science, Space, and Technology . ( All Actions )",Introduced,"Pingree, Chellie",D,ME,1,15,06/17/2025
H.R.4038,https://www.congress.gov/bill/119th-congress/house-bill/4038?s=1&r=170,Wildfire Response and Preparedness Act of 2025,"Committees: House - Natural Resources; Agriculture; Transportation and Infrastructure; Science, Space, and Technology",Latest Action: House - 01/14/2026 Subcommittee Hearings Held ( All Actions ),Introduced,"Kim, Young",R,CA,40,2,06/17/2025
H.R.3953,https://www.congress.gov/bill/119th-congress/house-bill/3953?s=1&r=171,SBIR/STTR Website Improvement Act,"Committees: House - Small Business; Science, Space, and Technology","Latest Action: House - 06/12/2025 Referred to the Committee on Small Business, and in addition to the Committee on Science, Space, and Technology , for a period to be subsequently determined by the Speaker, in each case for consideration of such provisions as fall within the jurisdiction of the... ( All Actions )",Introduced,"Conaway, Herbert C.",D,NJ,3,1,06/12/2025
H.R.3924,https://www.congress.gov/bill/119th-congress/house-bill/3924?s=1&r=172,Wildfire Risk Evaluation Act,"Committees: House - Natural Resources; Agriculture; Science, Space, and Technology; Transportation and Infrastructure",Latest Action: House - 05/14/2026 Ordered to be Reported in the Nature of a Substitute (Amended) by Unanimous Consent. ( All Actions ),Introduced,"Neguse, Joe",D,CO,2,2,06/11/2025
H.R.3923,https://www.congress.gov/bill/119th-congress/house-bill/3923?s=1&r=173,Wildfire Coordination Act,"Committees: House - Natural Resources; Science, Space, and Technology","Latest Action: House - 06/11/2025 Referred to the Committee on Natural Resources, and in addition to the Committee on Science, Space, and Technology , for a period to be subsequently determined by the Speaker, in each case for consideration of such provisions as fall within the jurisdiction of the... ( All Actions )",Introduced,"Neguse, Joe",D,CO,2,3,06/11/2025
H.R.3851,https://www.congress.gov/bill/119th-congress/house-bill/3851?s=1&r=174,SBIR/STTR Pilot Extension Act,"Committees: House - Small Business; Science, Space, and Technology","Latest Action: House - 06/09/2025 Referred to the Committee on Small Business, and in addition to the Committee on Science, Space, and Technology , for a period to be subsequently determined by the Speaker, in each case for consideration of such provisions as fall within the jurisdiction of the... ( All Actions )",Introduced,"Olszewski, Johnny",D,MD,2,0,06/09/2025
H.R.3838,https://www.congress.gov/bill/119th-congress/house-bill/3838?s=1&r=175,Streamlining Procurement for Effective Execution and Delivery and National Defense Authorization Act for Fiscal Year 2026,Committees: House - Armed Services,Latest Action: Senate - 09/30/2025 Received in the Senate. ( All Actions ),Passed House,"Rogers, Mike D.",R,AL,3,1,06/09/2025
H.R.3816,https://www.congress.gov/bill/119th-congress/house-bill/3816?s=1&r=176,Weather Act Reauthorization Act of 2025,"Committees: House - Science, Space, and Technology; Natural Resources; Energy and Commerce; Foreign Affairs","Latest Action: House - 06/06/2025 Referred to the Committee on Science, Space, and Technology , and in addition to the Committees on Natural Resources, Energy and Commerce, and Foreign Affairs, for a period to be subsequently determined by the Speaker, in each case for consideration of such... ( All Actions )",Introduced,"Lucas, Frank D.",R,OK,3,17,06/06/2025
H.R.3809,https://www.congress.gov/bill/119th-congress/house-bill/3809?s=1&r=177,Weather Workforce Improvement Act,"Committees: House - Science, Space, and Technology","Latest Action: House - 06/06/2025 Referred to the House Committee on Science, Space, and Technology . ( All Actions )",Introduced,"Flood, Mike",R,NE,1,8,06/06/2025
H.R.3788,https://www.congress.gov/bill/119th-congress/house-bill/3788?s=1&r=178,Support for Quantum Supply Chains Act,"Committees: House - Science, Space, and Technology","Latest Action: House - 06/05/2025 Referred to the House Committee on Science, Space, and Technology . ( All Actions )",Introduced,"Sykes, Emilia Strong",D,OH,13,3,06/05/2025
H.R.3771,https://www.congress.gov/bill/119th-congress/house-bill/3771?s=1&r=179,Protecting Coasts and Cities from Severe Weather Act,"Committees: House - Science, Space, and Technology","Latest Action: House - 06/05/2025 Referred to the House Committee on Science, Space, and Technology . ( All Actions )",Introduced,"Kean, Thomas H.",R,NJ,7,1,06/05/2025
H.R.3755,https://www.congress.gov/bill/119th-congress/house-bill/3755?s=1&r=180,Safe Stay Act,"Committees: House - Science, Space, and Technology; Energy and Commerce","Latest Action: House - 06/05/2025 Referred to the Committee on Science, Space, and Technology , and in addition to the Committee on Energy and Commerce, for a period to be subsequently determined by the Speaker, in each case for consideration of such provisions as fall within the jurisdiction of the... ( All Actions )",Introduced,"Craig, Angie",D,MN,2,2,06/05/2025
H.R.3744,https://www.congress.gov/bill/119th-congress/house-bill/3744?s=1&r=181,Research Integrity and Foreign Influence Prevention Act,"Committees: House - Science, Space, and Technology","Latest Action: House - 06/05/2025 Referred to the House Committee on Science, Space, and Technology . ( All Actions )",Introduced,"Webster, Daniel",R,FL,11,4,06/05/2025
H.R.3742,https://www.congress.gov/bill/119th-congress/house-bill/3742?s=1&r=182,Offshore Energy Modernization Act of 2025,"Committees: House - Natural Resources; Energy and Commerce; Science, Space, and Technology","Latest Action: House - 06/04/2025 Referred to the Committee on Natural Resources, and in addition to the Committees on Energy and Commerce, and Science, Space, and Technology , for a period to be subsequently determined by the Speaker, in each case for consideration of such provisions as fall within... ( All Actions )",Introduced,"Tonko, Paul",D,NY,20,0,06/04/2025
H.R.3730,https://www.congress.gov/bill/119th-congress/house-bill/3730?s=1&r=183,FARE Act,"Committees: House - Transportation and Infrastructure; Science, Space, and Technology","Latest Action: House - 06/05/2025 Referred to the Subcommittee on Railroads, Pipelines, and Hazardous Materials. ( All Actions )",Introduced,"Mullin, Kevin",D,CA,15,0,06/04/2025
H.R.3707,https://www.congress.gov/bill/119th-congress/house-bill/3707?s=1&r=184,NSF and USDA Interagency Research Act,"Committees: House - Science, Space, and Technology; Agriculture","Latest Action: House - 06/04/2025 Referred to the Committee on Science, Space, and Technology , and in addition to the Committee on Agriculture, for a period to be subsequently determined by the Speaker, in each case for consideration of such provisions as fall within the jurisdiction of the... ( All Actions )",Introduced,"Baird, James R.",R,IN,4,4,06/04/2025
H.R.3706,https://www.congress.gov/bill/119th-congress/house-bill/3706?s=1&r=185,SUSHI Act,"Committees: House - Natural Resources; Science, Space, and Technology",Latest Action: House - 02/11/2026 Ordered to be Reported in the Nature of a Substitute (Amended) by Unanimous Consent. ( All Actions ),Introduced,"Babin, Brian",R,TX,36,2,06/04/2025
H.R.3705,https://www.congress.gov/bill/119th-congress/house-bill/3705?s=1&r=186,Fog Observations and Geographic Forecasting Act,"Committees: House - Science, Space, and Technology",Latest Action: House - 06/11/2025 Ordered to be Reported by the Yeas and Nays: 35 - 0. ( All Actions ),Introduced,"Babin, Brian",R,TX,36,3,06/04/2025
H.R.3704,https://www.congress.gov/bill/119th-congress/house-bill/3704?s=1&r=187,Coordinated Federal Response to Extreme Heat Act of 2025,"Committees: House - Energy and Commerce; Science, Space, and Technology","Latest Action: House - 06/04/2025 Referred to the Committee on Energy and Commerce, and in addition to the Committee on Science, Space, and Technology , for a period to be subsequently determined by the Speaker, in each case for consideration of such provisions as fall within the jurisdiction of the... ( All Actions )",Introduced,"Ansari, Yassamin",D,AZ,3,27,06/04/2025
H.R.3679,https://www.congress.gov/bill/119th-congress/house-bill/3679?s=1&r=188,Small Business Artificial Intelligence Advancement Act,"Committees: House - Science, Space, and Technology | Senate - Commerce, Science, and Transportation","Latest Action: Senate - 02/24/2026 Received in the Senate and Read twice and referred to the Committee on Commerce, Science, and Transportation. ( All Actions )",Passed House,"Collins, Mike",R,GA,10,4,06/03/2025
H.R.3677,https://www.congress.gov/bill/119th-congress/house-bill/3677?s=1&r=189,Executive Order 14292 Act of 2025,"Committees: House - Energy and Commerce; Science, Space, and Technology","Latest Action: House - 06/03/2025 Referred to the Committee on Energy and Commerce, and in addition to the Committee on Science, Space, and Technology , for a period to be subsequently determined by the Speaker, in each case for consideration of such provisions as fall within the jurisdiction of the... ( All Actions )",Introduced,"Burchett, Tim",R,TN,2,2,06/03/2025
H.R.3667,https://www.congress.gov/bill/119th-congress/house-bill/3667?s=1&r=190,Strengthening American Nuclear Energy Act,"Committees: House - Energy and Commerce; Science, Space, and Technology; Armed Services; Foreign Affairs; Financial Services; Education and Workforce","Latest Action: House - 06/02/2025 Referred to the Committee on Energy and Commerce, and in addition to the Committees on Science, Space, and Technology , Armed Services, Foreign Affairs, Financial Services, and Education and Workforce, for a period to be subsequently determined by the Speaker, in... ( All Actions )",Introduced,"Donalds, Byron",R,FL,19,2,06/02/2025
H.R.3626,https://www.congress.gov/bill/119th-congress/house-bill/3626?s=1&r=191,International Nuclear Energy Act of 2025,"Committees: House - Foreign Affairs; Energy and Commerce; Science, Space, and Technology; Ways and Means","Latest Action: House - 05/29/2025 Referred to the Committee on Foreign Affairs, and in addition to the Committees on Energy and Commerce, Science, Space, and Technology , and Ways and Means, for a period to be subsequently determined by the Speaker, in each case for consideration of such provisions... ( All Actions )",Introduced,"Donalds, Byron",R,FL,19,1,05/29/2025
H.R.3597,https://www.congress.gov/bill/119th-congress/house-bill/3597?s=1&r=192,Protecting Circuit Boards and Substrates Act,"Committees: House - Ways and Means; Energy and Commerce; Science, Space, and Technology","Latest Action: House - 05/23/2025 Referred to the Committee on Ways and Means, and in addition to the Committees on Energy and Commerce, and Science, Space, and Technology , for a period to be subsequently determined by the Speaker, in each case for consideration of such provisions as fall within... ( All Actions )",Introduced,"Moore, Blake D.",R,UT,1,22,05/23/2025
H.R.3370,https://www.congress.gov/bill/119th-congress/house-bill/3370?s=1&r=193,PROTECT Firefighters Act,"Committees: House - Science, Space, and Technology","Latest Action: House - 02/11/2026 ASSUMING FIRST SPONSORSHIP - Ms. Houlahan asked unanimous consent that she may hereafter be considered as the first sponsor of H.R. 3370 , a bill originally introduced by Representative Sherrill, for the purpose of adding cosponsors and requesting reprintings... ( All Actions )",Introduced,"Sherrill, Mikie",D,NJ,11,2,05/13/2025
H.R.3346,https://www.congress.gov/bill/119th-congress/house-bill/3346?s=1&r=194,Sovereign State Environmental Quality Assurance Act,"Committees: House - Energy and Commerce; Agriculture; Transportation and Infrastructure; Science, Space, and Technology","Latest Action: House - 05/13/2025 Referred to the Committee on Energy and Commerce, and in addition to the Committees on Agriculture, Transportation and Infrastructure, and Science, Space, and Technology , for a period to be subsequently determined by the Speaker, in each case for consideration of... ( All Actions )",Introduced,"Higgins, Clay",R,LA,3,0,05/13/2025
H.R.3338,https://www.congress.gov/bill/119th-congress/house-bill/3338?s=1&r=195,MARKET CHOICE Act,"Committees: House - Ways and Means; Energy and Commerce; Natural Resources; Education and Workforce; Transportation and Infrastructure; Science, Space, and Technology; Agriculture",Latest Action: House - 05/13/2025 Referred to the Subcommittee on Highways and Transit. ( All Actions ),Introduced,"Fitzpatrick, Brian K.",R,PA,1,1,05/13/2025
H.R.3259,https://www.congress.gov/bill/119th-congress/house-bill/3259?s=1&r=196,Post Quantum Cybersecurity Standards Act,"Committees: House - Science, Space, and Technology",Latest Action: House - 06/11/2025 Ordered to be Reported by the Yeas and Nays: 35 - 0. ( All Actions ),Introduced,"Stevens, Haley M.",D,MI,11,3,05/07/2025
H.R.3239,https://www.congress.gov/bill/119th-congress/house-bill/3239?s=1&r=197,Research Advancing to Market Production for Innovators Act,"Committees: House - Small Business; Science, Space, and Technology; Judiciary","Latest Action: House - 05/07/2025 Referred to the Committee on Small Business, and in addition to the Committees on Science, Space, and Technology , and the Judiciary, for a period to be subsequently determined by the Speaker, in each case for consideration of such provisions as fall within the... ( All Actions )",Introduced,"Houlahan, Chrissy",D,PA,6,2,05/07/2025
H.R.3220,https://www.congress.gov/bill/119th-congress/house-bill/3220?s=1&r=198,Quantum Sandbox for Near-Term Applications Act of 2025,"Committees: House - Science, Space, and Technology","Latest Action: House - 05/06/2025 Referred to the House Committee on Science, Space, and Technology . ( All Actions )",Introduced,"Obernolte, Jay",R,CA,23,10,05/06/2025
H.R.3210,https://www.congress.gov/bill/119th-congress/house-bill/3210?s=1&r=199,Artificial Intelligence Literacy and Inclusion Act,"Committees: House - Science, Space, and Technology; Education and Workforce; Small Business; Energy and Commerce","Latest Action: House - 05/06/2025 Referred to the Committee on Science, Space, and Technology , and in addition to the Committees on Education and Workforce, Small Business, and Energy and Commerce, for a period to be subsequently determined by the Speaker, in each case for consideration of such... ( All Actions )",Introduced,"Espaillat, Adriano",D,NY,13,4,05/06/2025
H.R.3184,https://www.congress.gov/bill/119th-congress/house-bill/3184?s=1&r=200,PFAS Alternatives Act,"Committees: House - Science, Space, and Technology; Transportation and Infrastructure",Latest Action: House - 05/06/2025 Referred to the Subcommittee on Water Resources and Environment. ( All Actions ),Introduced,"Dingell, Debbie",D,MI,6,126,05/05/2025
